name,year,stint,team,lg,G,AB,R,H,2B,3B,HR,RBI,SB,CS,BB,SO,IBB,HBP,SH,SF,GIDP,playerID
Jose Abreu,2018,1,CHA,AL,128,499,68,132,36,1,22,78.0,2.0,0.0,37,109.0,7.0,11.0,0.0,6.0,14.0,abreujo02
Ronald Acuna,2018,1,ATL,NL,111,433,78,127,26,4,26,64.0,16.0,5.0,45,123.0,2.0,6.0,0.0,3.0,4.0,acunaro01
Willy Adames,2018,1,TBA,AL,85,288,43,80,7,0,10,34.0,6.0,5.0,31,95.0,3.0,1.0,1.0,2.0,6.0,adamewi01
Matt Adams,2018,1,WAS,NL,94,249,37,64,9,0,18,48.0,0.0,0.0,24,55.0,2.0,4.0,0.0,0.0,6.0,adamsma01
Jim Adduci,2018,1,DET,AL,59,176,19,47,8,2,3,21.0,1.0,0.0,6,45.0,0.0,0.0,2.0,1.0,2.0,adducji02
Ehire Adrianza,2018,1,MIN,AL,114,335,42,84,23,1,6,39.0,5.0,1.0,24,82.0,2.0,1.0,4.0,2.0,4.0,adriaeh01
Jesus Aguilar,2018,1,MIL,NL,149,492,80,135,25,0,35,108.0,0.0,0.0,58,143.0,3.0,6.0,0.0,10.0,19.0,aguilje01
Nick Ahmed,2018,1,ARI,NL,153,516,61,121,33,5,16,70.0,5.0,4.0,40,109.0,2.0,2.0,1.0,5.0,15.0,ahmedni01
Ozzie Albies,2018,1,ATL,NL,158,639,105,167,40,5,24,72.0,14.0,3.0,36,116.0,0.0,5.0,1.0,3.0,9.0,albieoz01
Scott Alexander,2018,1,LAN,NL,73,5,0,0,0,0,0,0.0,0.0,0.0,0,5.0,0.0,0.0,1.0,0.0,0.0,alexasc01
Jorge Alfaro,2018,1,PHI,NL,108,344,35,90,16,2,10,37.0,3.0,0.0,18,138.0,6.0,14.0,0.0,1.0,2.0,alfarjo01
Cody Allen,2018,1,CLE,AL,70,0,0,0,0,0,0,0.0,0.0,0.0,0,0.0,0.0,0.0,0.0,0.0,0.0,allenco01
Greg Allen,2018,1,CLE,AL,91,265,36,68,11,3,2,20.0,21.0,4.0,14,58.0,1.0,7.0,4.0,1.0,5.0,allengr01
Abraham Almonte,2018,1,KCA,AL,50,134,15,24,1,2,3,9.0,2.0,2.0,15,36.0,0.0,0.0,1.0,1.0,6.0,almonab01
Albert Almora,2018,1,CHN,NL,152,444,62,127,24,1,5,41.0,1.0,3.0,24,83.0,1.0,3.0,2.0,6.0,12.0,almoral01
Yonder Alonso,2018,1,CLE,AL,145,516,64,129,19,0,23,83.0,0.0,0.0,51,123.0,1.0,2.0,0.0,5.0,10.0,alonsyo01
Aaron Altherr,2018,1,PHI,NL,105,243,28,44,11,1,8,38.0,3.0,2.0,36,91.0,0.0,4.0,0.0,2.0,13.0,altheaa01
Jose Altuve,2018,1,HOU,AL,137,534,84,169,29,2,13,61.0,17.0,4.0,55,79.0,4.0,6.0,3.0,1.0,17.0,altuvjo01
Jose Alvarez,2018,1,LAA,AL,76,0,0,0,0,0,0,0.0,0.0,0.0,0,0.0,0.0,0.0,0.0,0.0,0.0,alvarjo02
Jose Alvarado,2018,1,TBA,AL,70,0,0,0,0,0,0,0.0,0.0,0.0,0,0.0,0.0,0.0,0.0,0.0,0.0,alvarjo03
Brian Anderson,2018,1,MIA,NL,156,590,87,161,34,4,11,65.0,2.0,4.0,62,129.0,2.0,16.0,0.0,2.0,18.0,anderbr06
Justin Anderson,2018,1,LAA,AL,57,0,0,0,0,0,0,0.0,0.0,0.0,0,0.0,0.0,0.0,0.0,0.0,0.0,anderju01
Tim Anderson,2018,1,CHA,AL,153,567,77,136,28,3,20,64.0,26.0,8.0,30,149.0,2.0,4.0,2.0,3.0,15.0,anderti01
Elvis Andrus,2018,1,TEX,AL,97,395,53,101,20,3,6,33.0,5.0,3.0,28,66.0,0.0,3.0,0.0,2.0,8.0,andruel01
Miguel Andujar,2018,1,NYA,AL,149,573,83,170,47,2,27,92.0,2.0,1.0,25,97.0,2.0,4.0,0.0,4.0,9.0,andujmi01
Victor Arano,2018,1,PHI,NL,60,0,0,0,0,0,0,0.0,0.0,0.0,0,0.0,0.0,0.0,0.0,0.0,0.0,aranovi01
Orlando Arcia,2018,1,MIL,NL,119,348,32,82,16,0,3,30.0,7.0,4.0,15,87.0,0.0,1.0,1.0,1.0,9.0,arciaor01
Nolan Arenado,2018,1,COL,NL,156,590,104,175,38,2,38,110.0,2.0,2.0,73,122.0,10.0,3.0,1.0,6.0,16.0,arenano01
Carlos Asuaje,2018,1,SDN,NL,79,189,15,37,8,1,2,19.0,1.0,1.0,24,46.0,1.0,1.0,1.0,3.0,5.0,asuajca01
Alex Avila,2018,1,ARI,NL,80,194,13,32,6,0,7,20.0,0.0,0.0,37,90.0,2.0,1.0,0.0,2.0,4.0,avilaal01
Luis Avilan,2018,1,CHA,AL,58,1,0,0,0,0,0,0.0,0.0,0.0,0,1.0,0.0,0.0,0.0,0.0,0.0,avilalu01
Harrison Bader,2018,1,SLN,NL,138,379,61,100,20,2,12,37.0,15.0,3.0,31,125.0,3.0,11.0,2.0,4.0,1.0,baderha01
Javier Baez,2018,1,CHN,NL,160,606,101,176,40,9,34,111.0,21.0,9.0,29,167.0,8.0,5.0,1.0,4.0,10.0,baezja01
Pedro Baez,2018,1,LAN,NL,55,4,0,0,0,0,0,0.0,0.0,0.0,0,2.0,0.0,0.0,0.0,0.0,0.0,baezpe01
Austin Barnes,2018,1,LAN,NL,100,200,32,41,5,0,4,14.0,4.0,3.0,31,67.0,4.0,6.0,1.0,0.0,7.0,barneau01
Matt Barnes,2018,1,BOS,AL,62,0,0,0,0,0,0,0.0,0.0,0.0,0,0.0,0.0,0.0,0.0,0.0,0.0,barnema01
Tucker Barnhart,2018,1,CIN,NL,138,460,50,114,21,3,10,46.0,0.0,4.0,54,96.0,2.0,2.0,3.0,3.0,13.0,barnhtu01
Kyle Barraclough,2018,1,MIA,NL,61,0,0,0,0,0,0,0.0,0.0,0.0,0,0.0,0.0,0.0,0.0,0.0,0.0,barraky01
Jake Bauers,2018,1,TBA,AL,96,323,48,65,22,2,11,48.0,6.0,6.0,54,104.0,0.0,3.0,2.0,6.0,3.0,bauerja01
Jose Bautista,2018,2,NYN,NL,83,245,37,50,13,0,9,37.0,2.0,2.0,51,84.0,2.0,5.0,0.0,1.0,2.0,bautijo02
Tim Beckham,2018,1,BAL,AL,96,369,45,85,17,0,12,35.0,1.0,2.0,27,100.0,0.0,3.0,1.0,2.0,10.0,beckhti01
Cam Bedrosian,2018,1,LAA,AL,71,0,0,0,0,0,0,0.0,0.0,0.0,0,0.0,0.0,0.0,0.0,0.0,0.0,bedroca01
Cody Bellinger,2018,1,LAN,NL,162,557,84,145,28,7,25,76.0,14.0,1.0,69,151.0,9.0,3.0,0.0,3.0,7.0,bellico01
Josh Bell,2018,1,PIT,NL,148,501,74,131,31,4,12,62.0,2.0,5.0,77,104.0,2.0,0.0,0.0,5.0,12.0,belljo02
Brandon Belt,2018,1,SFN,NL,112,399,50,101,18,2,14,46.0,4.0,0.0,49,107.0,6.0,6.0,0.0,2.0,2.0,beltbr01
Adrian Beltre,2018,1,TEX,AL,119,433,49,118,23,1,15,65.0,1.0,0.0,34,96.0,2.0,6.0,0.0,8.0,13.0,beltrad01
Andrew Benintendi,2018,1,BOS,AL,148,579,103,168,41,6,16,87.0,21.0,3.0,71,106.0,1.0,2.0,2.0,7.0,9.0,beninan01
Dellin Betances,2018,1,NYA,AL,66,1,0,0,0,0,0,0.0,0.0,0.0,0,1.0,0.0,0.0,0.0,0.0,0.0,betande01
Mookie Betts,2018,1,BOS,AL,136,520,129,180,47,5,32,80.0,30.0,6.0,81,91.0,8.0,8.0,0.0,5.0,5.0,bettsmo01
Joe Biagini,2018,1,TOR,AL,50,0,0,0,0,0,0,0.0,0.0,0.0,0,0.0,0.0,0.0,0.0,0.0,0.0,biagijo01
Jesse Biddle,2018,1,ATL,NL,60,2,0,1,1,0,0,1.0,0.0,0.0,0,0.0,0.0,0.0,0.0,0.0,0.0,biddlje01
Greg Bird,2018,1,NYA,AL,82,272,23,54,16,1,11,38.0,0.0,0.0,30,78.0,1.0,5.0,0.0,4.0,4.0,birdgr01
Ty Blach,2018,1,SFN,NL,50,29,0,1,0,0,0,0.0,0.0,0.0,2,15.0,0.0,0.0,3.0,0.0,1.0,blachty01
Charlie Blackmon,2018,1,COL,NL,156,626,119,182,31,7,29,70.0,12.0,4.0,59,134.0,2.0,8.0,1.0,2.0,10.0,blackch02
Gregor Blanco,2018,1,SFN,NL,68,189,19,41,7,3,2,12.0,6.0,2.0,12,58.0,0.0,0.0,1.0,1.0,2.0,blancgr01
Alex Blandino,2018,1,CIN,NL,69,128,14,30,4,0,1,8.0,0.0,0.0,13,41.0,1.0,4.0,2.0,0.0,4.0,blandal01
Jerry Blevins,2018,1,NYN,NL,64,2,0,1,0,0,0,1.0,0.0,0.0,0,1.0,0.0,0.0,0.0,0.0,0.0,blevije01
Xander Bogaerts,2018,1,BOS,AL,136,513,72,148,45,3,23,103.0,8.0,2.0,55,102.0,4.0,6.0,0.0,6.0,14.0,bogaexa01
Jorge Bonifacio,2018,1,KCA,AL,69,236,31,53,16,2,4,23.0,0.0,1.0,29,71.0,1.0,2.0,1.0,2.0,3.0,bonifjo01
David Bote,2018,1,CHN,NL,74,184,23,44,9,2,6,33.0,3.0,4.0,19,60.0,1.0,4.0,0.0,3.0,3.0,boteda01
Justin Bour,2018,1,MIA,NL,112,374,43,85,10,1,19,54.0,1.0,0.0,69,111.0,6.0,1.0,0.0,3.0,8.0,bourju01
Brad Boxberger,2018,1,ARI,NL,60,0,0,0,0,0,0,0.0,0.0,0.0,0,0.0,0.0,0.0,0.0,0.0,0.0,boxbebr01
Archie Bradley,2018,1,ARI,NL,76,0,0,0,0,0,0,0.0,0.0,0.0,0,0.0,0.0,0.0,0.0,0.0,0.0,bradlar01
Jackie Bradley,2018,1,BOS,AL,144,474,76,111,33,4,13,59.0,17.0,1.0,46,137.0,3.0,11.0,0.0,4.0,6.0,bradlja02
Michael Brantley,2018,1,CLE,AL,143,570,89,176,36,2,17,76.0,12.0,3.0,48,60.0,0.0,5.0,1.0,6.0,15.0,brantmi02
Ryan Braun,2018,1,MIL,NL,125,405,59,103,25,1,20,64.0,11.0,5.0,34,85.0,5.0,2.0,0.0,3.0,8.0,braunry02
Alex Bregman,2018,1,HOU,AL,157,594,105,170,51,1,31,103.0,10.0,4.0,96,85.0,2.0,12.0,0.0,3.0,15.0,bregmal01
Lewis Brinson,2018,1,MIA,NL,109,382,31,76,10,5,11,42.0,2.0,1.0,17,120.0,2.0,4.0,0.0,2.0,6.0,brinsle01
Keon Broxton,2018,1,MIL,NL,51,78,15,14,2,2,4,11.0,5.0,1.0,11,28.0,0.0,0.0,0.0,0.0,0.0,broxtke01
Jay Bruce,2018,1,NYN,NL,94,319,31,71,18,1,9,37.0,2.0,3.0,41,75.0,4.0,0.0,0.0,1.0,3.0,bruceja01
Kris Bryant,2018,1,CHN,NL,102,389,59,106,28,3,13,52.0,2.0,4.0,48,107.0,6.0,17.0,0.0,3.0,5.0,bryankr01
Ryan Buchter,2018,1,OAK,AL,54,0,0,0,0,0,0,0.0,0.0,0.0,0,0.0,0.0,0.0,0.0,0.0,0.0,buchtry01
Drew Butera,2018,1,KCA,AL,52,149,11,28,9,0,2,18.0,0.0,0.0,13,37.0,0.0,2.0,0.0,2.0,4.0,buterdr01
Asdrubal Cabrera,2018,1,NYN,NL,98,375,48,104,23,1,18,58.0,0.0,0.0,29,81.0,1.0,1.0,0.0,2.0,12.0,cabreas01
Melky Cabrera,2018,1,CLE,AL,78,250,28,70,17,0,6,39.0,1.0,1.0,20,38.0,0.0,3.0,0.0,5.0,10.0,cabreme01
Lorenzo Cain,2018,1,MIL,NL,141,539,90,166,25,2,10,38.0,30.0,7.0,71,94.0,1.0,8.0,0.0,2.0,10.0,cainlo01
Kole Calhoun,2018,1,LAA,AL,137,491,71,102,18,2,19,57.0,6.0,2.0,53,133.0,2.0,1.0,0.0,6.0,9.0,calhoko01
Johan Camargo,2018,1,ATL,NL,134,464,63,126,27,1,19,76.0,1.0,1.0,51,108.0,4.0,6.0,0.0,3.0,13.0,camarjo01
Jeimer Candelario,2018,1,DET,AL,144,539,78,121,28,3,19,54.0,3.0,2.0,66,160.0,1.0,9.0,0.0,5.0,4.0,candeje01
Mark Canha,2018,1,OAK,AL,122,365,60,91,22,0,17,52.0,1.0,2.0,34,88.0,3.0,10.0,0.0,2.0,11.0,canhama01
Robinson Cano,2018,1,SEA,AL,80,310,44,94,22,0,10,50.0,0.0,0.0,32,47.0,2.0,4.0,0.0,2.0,9.0,canoro01
Victor Caratini,2018,1,CHN,NL,76,181,21,42,7,0,2,21.0,0.0,0.0,12,42.0,0.0,4.0,2.0,1.0,5.0,caratvi01
Shane Carle,2018,1,ATL,NL,53,4,0,0,0,0,0,0.0,0.0,0.0,0,4.0,0.0,0.0,1.0,0.0,0.0,carlesh01
Matt Carpenter,2018,1,SLN,NL,156,564,111,145,42,0,36,81.0,4.0,1.0,102,158.0,17.0,6.0,0.0,4.0,0.0,carpema01
Curt Casali,2018,1,CIN,NL,52,140,15,41,10,0,4,16.0,0.0,2.0,12,32.0,1.0,2.0,1.0,1.0,5.0,casalcu01
Nick Castellanos,2018,1,DET,AL,157,620,88,185,46,5,23,89.0,2.0,1.0,49,151.0,5.0,6.0,0.0,3.0,8.0,casteni01
Miguel Castro,2018,1,BAL,AL,63,0,0,0,0,0,0,0.0,0.0,0.0,0,0.0,0.0,0.0,0.0,0.0,0.0,castrmi01
Starlin Castro,2018,1,MIA,NL,154,593,76,165,32,2,12,54.0,6.0,4.0,48,124.0,3.0,0.0,0.0,6.0,18.0,castrst01
Jake Cave,2018,1,MIN,AL,91,283,54,76,17,2,13,45.0,2.0,1.0,18,102.0,2.0,3.0,2.0,3.0,2.0,caveja01
Francisco Cervelli,2018,1,PIT,NL,104,332,39,86,15,3,12,57.0,2.0,3.0,51,84.0,1.0,15.0,2.0,4.0,7.0,cervefr01
Andrew Chafin,2018,1,ARI,NL,77,0,0,0,0,0,0,0.0,0.0,0.0,0,0.0,0.0,0.0,0.0,0.0,0.0,chafian01
Aroldis Chapman,2018,1,NYA,AL,55,0,0,0,0,0,0,0.0,0.0,0.0,0,0.0,0.0,0.0,0.0,0.0,0.0,chapmar01
Matt Chapman,2018,1,OAK,AL,145,547,100,152,42,6,24,68.0,1.0,2.0,58,146.0,0.0,9.0,0.0,2.0,18.0,chapmma01
Robinson Chirinos,2018,1,TEX,AL,113,360,48,80,15,1,18,65.0,2.0,0.0,45,140.0,0.0,19.0,0.0,2.0,7.0,chiriro01
Shin-Soo Choo,2018,1,TEX,AL,146,560,83,148,30,1,21,62.0,6.0,1.0,92,156.0,2.0,10.0,1.0,2.0,11.0,choosh01
Steve Cishek,2018,1,CHN,NL,80,6,1,1,0,0,0,0.0,0.0,0.0,0,2.0,0.0,0.0,0.0,0.0,0.0,cishest01
Alex Claudio,2018,1,TEX,AL,66,0,0,0,0,0,0,0.0,0.0,0.0,0,0.0,0.0,0.0,0.0,0.0,0.0,claudal01
Tyler Clippard,2018,1,TOR,AL,73,0,0,0,0,0,0,0.0,0.0,0.0,0,0.0,0.0,0.0,0.0,0.0,0.0,clippty01
Louis Coleman,2018,1,DET,AL,51,0,0,0,0,0,0,0.0,0.0,0.0,0,0.0,0.0,0.0,0.0,0.0,0.0,colemlo01
Michael Conforto,2018,1,NYN,NL,153,543,78,132,25,1,28,82.0,3.0,4.0,84,159.0,8.0,7.0,0.0,4.0,10.0,confomi01
Adam Conley,2018,1,MIA,NL,52,0,0,0,0,0,0,0.0,0.0,0.0,0,0.0,0.0,0.0,0.0,0.0,0.0,conlead01
Willson Contreras,2018,1,CHN,NL,138,474,50,118,27,5,10,54.0,4.0,1.0,53,121.0,2.0,13.0,2.0,2.0,14.0,contrwi01
Carlos Correa,2018,1,HOU,AL,110,402,60,96,20,1,15,65.0,3.0,0.0,53,111.0,3.0,2.0,0.0,11.0,17.0,correca01
Zack Cozart,2018,1,LAA,AL,58,224,29,49,13,2,5,18.0,0.0,0.0,19,42.0,0.0,7.0,0.0,3.0,7.0,cozarza01
Brandon Crawford,2018,1,SFN,NL,151,531,63,135,28,2,14,54.0,4.0,5.0,50,122.0,13.0,8.0,0.0,5.0,12.0,crawfbr01
Kyle Crick,2018,1,PIT,NL,64,0,0,0,0,0,0,0.0,0.0,0.0,0,0.0,0.0,0.0,0.0,0.0,0.0,crickky01
C. J. Cron,2018,1,TBA,AL,140,501,68,127,28,1,30,74.0,1.0,2.0,37,145.0,2.0,17.0,0.0,5.0,11.0,croncj01
Nelson Cruz,2018,1,SEA,AL,144,519,70,133,18,1,37,97.0,1.0,0.0,55,122.0,5.0,14.0,0.0,3.0,15.0,cruzne02
Noel Cuevas,2018,1,COL,NL,75,146,16,34,4,1,2,10.0,1.0,0.0,6,24.0,1.0,1.0,0.0,0.0,1.0,cuevano01
Charlie Culberson,2018,1,ATL,NL,113,296,47,80,18,2,12,45.0,4.0,2.0,21,85.0,5.0,4.0,0.0,1.0,5.0,culbech01
David Dahl,2018,1,COL,NL,77,249,31,68,11,3,16,48.0,5.0,3.0,19,68.0,4.0,1.0,0.0,2.0,4.0,dahlda01
Matt Davidson,2018,1,CHA,AL,126,434,51,99,23,0,20,62.0,0.0,0.0,52,165.0,0.0,7.0,0.0,3.0,8.0,davidma02
Chris Davis,2018,1,BAL,AL,128,470,40,79,12,0,16,49.0,2.0,0.0,41,192.0,2.0,7.0,0.0,4.0,5.0,davisch02
Khris Davis,2018,1,OAK,AL,151,576,98,142,28,1,48,123.0,0.0,0.0,59,175.0,5.0,12.0,0.0,7.0,16.0,daviskh01
Rajai Davis,2018,1,CLE,AL,101,196,33,44,6,1,1,6.0,21.0,7.0,11,48.0,0.0,4.0,4.0,1.0,2.0,davisra01
Wade Davis,2018,1,COL,NL,69,0,0,0,0,0,0,0.0,0.0,0.0,0,0.0,0.0,0.0,0.0,0.0,0.0,daviswa01
Paul DeJong,2018,1,SLN,NL,115,436,68,105,25,1,19,68.0,1.0,1.0,36,123.0,2.0,12.0,0.0,5.0,6.0,dejonpa01
Nick Delmonico,2018,1,CHA,AL,88,284,31,61,11,5,8,25.0,1.0,2.0,27,80.0,1.0,6.0,0.0,1.0,7.0,delmoni01
Daniel Descalso,2018,1,ARI,NL,138,349,54,83,22,4,13,57.0,0.0,1.0,64,110.0,2.0,2.0,0.0,7.0,2.0,descada01
Delino DeShields,2018,1,TEX,AL,106,334,52,72,14,1,2,22.0,20.0,4.0,43,83.0,0.0,3.0,12.0,1.0,1.0,deshide02
Ian Desmond,2018,1,COL,NL,160,555,82,131,21,8,22,88.0,20.0,6.0,53,146.0,0.0,6.0,1.0,4.0,17.0,desmoia01
Chris Devenski,2018,1,HOU,AL,50,0,0,0,0,0,0,0.0,0.0,0.0,0,0.0,0.0,0.0,0.0,0.0,0.0,devench02
Rafael Devers,2018,1,BOS,AL,121,450,59,108,24,0,21,66.0,5.0,2.0,38,121.0,6.0,0.0,0.0,2.0,9.0,deverra01
Aledmys Diaz,2018,1,TOR,AL,130,422,55,111,26,0,18,55.0,3.0,4.0,23,62.0,2.0,3.0,0.0,4.0,9.0,diazal02
Edwin Diaz,2018,1,SEA,AL,73,0,0,0,0,0,0,0.0,0.0,0.0,0,0.0,0.0,0.0,0.0,0.0,0.0,diazed04
Elias Diaz,2018,1,PIT,NL,82,252,33,72,12,0,10,34.0,0.0,1.0,21,40.0,1.0,1.0,0.0,3.0,4.0,diazel01
Corey Dickerson,2018,1,PIT,NL,135,504,65,151,35,7,13,55.0,8.0,3.0,21,80.0,4.0,4.0,0.0,4.0,14.0,dickeco01
Derek Dietrich,2018,1,MIA,NL,149,499,72,132,26,2,16,45.0,2.0,0.0,29,140.0,2.0,21.0,0.0,2.0,5.0,dietrde01
Wilmer Difo,2018,1,WAS,NL,148,408,55,94,14,7,7,42.0,10.0,3.0,39,82.0,5.0,2.0,3.0,4.0,8.0,difowi01
Brandon Dixon,2018,1,CIN,NL,74,118,14,21,6,0,5,10.0,0.0,0.0,6,43.0,0.0,0.0,0.0,0.0,2.0,dixonbr01
Seranthony Dominguez,2018,1,PHI,NL,53,1,0,0,0,0,0,0.0,0.0,0.0,1,1.0,0.0,0.0,0.0,0.0,0.0,dominse01
Brian Dozier,2018,1,MIN,AL,104,410,65,93,21,2,16,52.0,8.0,3.0,46,96.0,1.0,3.0,0.0,3.0,7.0,doziebr01
Hunter Dozier,2018,1,KCA,AL,102,362,36,83,19,4,11,34.0,2.0,3.0,24,109.0,0.0,1.0,0.0,1.0,12.0,doziehu01
Lucas Duda,2018,1,KCA,AL,87,310,34,75,12,1,13,48.0,1.0,0.0,24,95.0,2.0,8.0,0.0,3.0,4.0,dudalu01
Matt Duffy,2018,1,TBA,AL,132,503,59,148,22,1,4,44.0,12.0,6.0,47,93.0,1.0,7.0,1.0,2.0,12.0,duffyma01
Adam Duvall,2018,1,CIN,NL,105,331,40,68,19,0,15,61.0,2.0,2.0,34,100.0,3.0,4.0,0.0,1.0,8.0,duvalad01
Jarrod Dyson,2018,1,ARI,NL,67,206,29,39,4,2,2,12.0,16.0,3.0,27,34.0,2.0,0.0,3.0,1.0,3.0,dysonja01
Sam Dyson,2018,1,SFN,NL,74,0,0,0,0,0,0,0.0,0.0,0.0,0,0.0,0.0,0.0,0.0,0.0,0.0,dysonsa01
Adam Eaton,2018,1,WAS,NL,95,319,55,96,18,1,5,33.0,9.0,1.0,38,64.0,0.0,11.0,2.0,0.0,2.0,eatonad02
Carl Edwards,2018,1,CHN,NL,58,0,0,0,0,0,0,0.0,0.0,0.0,0,0.0,0.0,0.0,0.0,0.0,0.0,edwarca01
A. J. Ellis,2018,1,SDN,NL,66,151,19,41,8,0,1,15.0,0.0,0.0,26,37.0,1.0,1.0,3.0,2.0,2.0,ellisaj01
Edwin Encarnacion,2018,1,CLE,AL,137,500,74,123,16,1,32,107.0,3.0,0.0,63,132.0,2.0,8.0,0.0,7.0,14.0,encared01
Adam Engel,2018,1,CHA,AL,143,429,49,101,17,4,6,29.0,16.0,8.0,18,129.0,0.0,8.0,7.0,1.0,1.0,engelad01
Phil Ervin,2018,1,CIN,NL,78,218,27,55,10,1,7,31.0,6.0,1.0,20,60.0,1.0,5.0,0.0,4.0,5.0,ervinph01
Alcides Escobar,2018,1,KCA,AL,140,485,54,112,22,3,4,34.0,8.0,2.0,29,74.0,1.0,5.0,8.0,4.0,14.0,escobal02
Eduardo Escobar,2018,1,MIN,AL,97,368,45,101,37,3,15,63.0,1.0,3.0,34,91.0,6.0,3.0,0.0,3.0,7.0,escobed01
Eduardo Escobar,2018,2,ARI,NL,54,198,30,53,11,0,8,21.0,1.0,1.0,18,35.0,2.0,2.0,0.0,5.0,5.0,escobed01
Buck Farmer,2018,1,DET,AL,66,0,0,0,0,0,0,0.0,0.0,0.0,0,0.0,0.0,0.0,0.0,0.0,0.0,farmebu01
Johnny Field,2018,1,TBA,AL,63,169,20,36,9,0,6,14.0,4.0,0.0,7,58.0,0.0,2.0,1.0,0.0,3.0,fieldjo04
Ryan Flaherty,2018,1,ATL,NL,81,161,17,35,6,0,2,13.0,4.0,2.0,18,41.0,4.0,1.0,1.0,1.0,5.0,flahery01
David Fletcher,2018,1,LAA,AL,80,284,35,78,18,2,1,25.0,3.0,0.0,15,34.0,0.0,3.0,3.0,2.0,7.0,fletcda02
Wilmer Flores,2018,1,NYN,NL,126,386,43,103,25,0,11,51.0,0.0,0.0,29,42.0,1.0,5.0,0.0,9.0,8.0,florewi01
Pedro Florimon,2018,1,PHI,NL,50,71,13,16,6,1,2,5.0,1.0,2.0,5,30.0,0.0,0.0,0.0,0.0,0.0,floripe01
Tyler Flowers,2018,1,ATL,NL,82,251,34,57,9,0,8,30.0,0.0,0.0,35,76.0,0.0,9.0,0.0,1.0,6.0,flowety01
Logan Forsythe,2018,1,LAN,NL,70,193,18,40,10,0,2,13.0,2.0,0.0,17,43.0,1.0,0.0,0.0,1.0,5.0,forsylo01
Logan Forsythe,2018,2,MIN,AL,50,178,19,46,6,0,0,14.0,1.0,0.0,24,40.0,0.0,3.0,0.0,0.0,5.0,forsylo01
Dexter Fowler,2018,1,SLN,NL,90,289,40,52,10,0,8,31.0,5.0,2.0,38,75.0,0.0,3.0,0.0,4.0,2.0,fowlede01
Dustin Fowler,2018,1,OAK,AL,69,192,19,43,3,2,6,23.0,6.0,4.0,8,47.0,0.0,1.0,0.0,2.0,2.0,fowledu01
Maikel Franco,2018,1,PHI,NL,131,433,48,117,17,1,22,68.0,1.0,0.0,29,62.0,7.0,0.0,0.0,3.0,15.0,francma02
Adam Frazier,2018,1,PIT,NL,113,318,52,88,23,2,10,35.0,1.0,3.0,29,53.0,2.0,3.0,1.0,1.0,3.0,fraziad01
Todd Frazier,2018,1,NYN,NL,115,408,54,87,18,0,18,59.0,9.0,4.0,48,112.0,1.0,8.0,0.0,8.0,10.0,frazito01
Freddie Freeman,2018,1,ATL,NL,162,618,94,191,44,4,23,98.0,10.0,3.0,76,132.0,12.0,7.0,0.0,6.0,11.0,freemfr01
Sam Freeman,2018,1,ATL,NL,63,1,0,0,0,0,0,0.0,0.0,0.0,0,1.0,0.0,0.0,0.0,0.0,0.0,freemsa01
David Freese,2018,1,PIT,NL,94,241,29,68,10,1,9,42.0,0.0,0.0,18,56.0,1.0,3.0,0.0,3.0,10.0,freesda01
Jace Fry,2018,1,CHA,AL,59,0,0,0,0,0,0,0.0,0.0,0.0,0,0.0,0.0,0.0,0.0,0.0,0.0,fryja01
Joey Gallo,2018,1,TEX,AL,148,500,82,103,24,1,40,92.0,3.0,4.0,74,207.0,4.0,3.0,0.0,0.0,3.0,gallojo01
Freddy Galvis,2018,1,SDN,NL,162,602,62,149,31,5,13,67.0,8.0,6.0,45,147.0,2.0,2.0,1.0,6.0,8.0,galvifr01
Ben Gamel,2018,1,SEA,AL,101,257,37,70,14,4,1,19.0,7.0,3.0,31,61.0,1.0,4.0,0.0,1.0,4.0,gamelbe01
Avisail Garcia,2018,1,CHA,AL,93,356,47,84,11,2,19,49.0,3.0,1.0,20,102.0,2.0,4.0,0.0,5.0,9.0,garciav01
Greg Garcia,2018,1,SLN,NL,114,181,15,40,6,0,3,15.0,3.0,1.0,20,37.0,1.0,4.0,1.0,2.0,3.0,garcigr01
Leury Garcia,2018,1,CHA,AL,82,258,23,70,7,4,4,32.0,12.0,1.0,9,69.0,0.0,3.0,4.0,1.0,2.0,garcile02
Luis Garcia,2018,1,PHI,NL,59,0,0,0,0,0,0,0.0,0.0,0.0,0,0.0,0.0,0.0,0.0,0.0,0.0,garcilu03
Brett Gardner,2018,1,NYA,AL,140,530,95,125,20,7,12,45.0,16.0,2.0,65,107.0,0.0,5.0,4.0,5.0,6.0,gardnbr01
Amir Garrett,2018,1,CIN,NL,66,2,0,0,0,0,0,0.0,0.0,0.0,0,1.0,0.0,0.0,0.0,0.0,0.0,garream01
Mitch Garver,2018,1,MIN,AL,103,302,38,81,19,2,7,45.0,0.0,0.0,29,72.0,2.0,2.0,1.0,1.0,8.0,garvemi01
Evan Gattis,2018,1,HOU,AL,128,407,49,92,17,0,25,78.0,1.0,0.0,33,101.0,2.0,3.0,0.0,8.0,13.0,gattiev01
Scooter Gennett,2018,1,CIN,NL,154,584,86,181,30,3,23,92.0,4.0,2.0,42,125.0,3.0,4.0,3.0,5.0,14.0,gennesc01
Craig Gentry,2018,1,BAL,AL,68,156,13,42,5,2,1,11.0,12.0,3.0,11,31.0,0.0,1.0,1.0,0.0,2.0,gentrcr01
Mychal Givens,2018,1,BAL,AL,69,0,0,0,0,0,0,0.0,0.0,0.0,0,0.0,0.0,0.0,0.0,0.0,0.0,givenmy01
Paul Goldschmidt,2018,1,ARI,NL,158,593,95,172,35,5,33,83.0,7.0,4.0,90,173.0,11.0,6.0,0.0,0.0,7.0,goldspa01
Yan Gomes,2018,1,CLE,AL,112,403,52,107,26,0,16,48.0,0.0,0.0,21,119.0,2.0,8.0,0.0,3.0,4.0,gomesya01
Carlos Gomez,2018,1,TBA,AL,118,360,42,75,15,2,9,32.0,12.0,3.0,25,103.0,0.0,21.0,2.0,0.0,6.0,gomezca01
Adrian Gonzalez,2018,1,NYN,NL,54,169,15,40,5,0,6,26.0,0.0,0.0,15,34.0,3.0,1.0,0.0,2.0,5.0,gonzaad01
Carlos Gonzalez,2018,1,COL,NL,132,463,71,128,32,4,16,64.0,5.0,2.0,37,113.0,4.0,1.0,0.0,3.0,5.0,gonzaca01
Erik Gonzalez,2018,1,CLE,AL,81,136,17,36,10,1,1,16.0,3.0,0.0,5,34.0,0.0,2.0,0.0,0.0,0.0,gonzaer01
Marwin Gonzalez,2018,1,HOU,AL,145,489,61,121,25,3,16,68.0,2.0,3.0,53,126.0,3.0,3.0,5.0,2.0,14.0,gonzama01
Niko Goodrum,2018,1,DET,AL,131,444,55,109,29,3,16,53.0,12.0,4.0,42,132.0,1.0,4.0,0.0,2.0,9.0,goodrni01
Alex Gordon,2018,1,KCA,AL,141,506,56,124,24,0,13,54.0,12.0,2.0,50,124.0,4.0,10.0,0.0,2.0,7.0,gordoal01
Dee Gordon,2018,1,SEA,AL,141,556,62,149,17,8,4,36.0,30.0,12.0,9,80.0,0.0,9.0,9.0,5.0,10.0,gordode01
Yuli Gurriel,2018,1,HOU,AL,136,537,70,156,33,1,13,85.0,5.0,1.0,23,63.0,0.0,6.0,0.0,7.0,22.0,gourryu01
Matt Grace,2018,1,WAS,NL,56,3,0,1,0,0,0,0.0,0.0,0.0,0,0.0,0.0,0.0,0.0,0.0,0.0,gracema02
Curtis Granderson,2018,1,TOR,AL,104,302,48,74,21,1,11,35.0,2.0,1.0,42,96.0,1.0,3.0,1.0,1.0,3.0,grandcu01
Yasmani Grandal,2018,1,LAN,NL,140,440,65,106,23,2,24,68.0,2.0,1.0,72,124.0,1.0,3.0,0.0,3.0,12.0,grandya01
Chad Green,2018,1,NYA,AL,63,0,0,0,0,0,0,0.0,0.0,0.0,0,0.0,0.0,0.0,0.0,0.0,0.0,greench03
Shane Greene,2018,1,DET,AL,66,0,0,0,0,0,0,0.0,0.0,0.0,0,0.0,0.0,0.0,0.0,0.0,0.0,greensh02
Didi Gregorius,2018,1,NYA,AL,134,504,89,135,23,5,27,86.0,10.0,6.0,48,69.0,3.0,7.0,1.0,9.0,8.0,gregodi01
Randal Grichuk,2018,1,TOR,AL,124,424,60,104,32,1,25,61.0,3.0,2.0,27,122.0,0.0,8.0,0.0,3.0,5.0,grichra01
Robbie Grossman,2018,1,MIN,AL,129,396,50,108,27,1,5,48.0,0.0,1.0,60,83.0,0.0,2.0,2.0,5.0,2.0,grossro01
Robert Gsellman,2018,1,NYN,NL,68,3,1,0,0,0,0,0.0,0.0,0.0,0,2.0,0.0,1.0,0.0,0.0,0.0,gsellro01
Tayron Guerrero,2018,1,MIA,NL,60,0,0,0,0,0,0,0.0,0.0,0.0,0,0.0,0.0,0.0,0.0,0.0,0.0,guerrta01
Lourdes Gurriel,2018,1,TOR,AL,65,249,30,70,8,0,11,35.0,1.0,2.0,9,59.0,1.0,2.0,1.0,2.0,2.0,gurrilo01
Brandon Guyer,2018,1,CLE,AL,104,194,25,40,11,0,7,27.0,1.0,1.0,15,48.0,0.0,11.0,1.0,0.0,5.0,guyerbr01
Ronald Guzman,2018,1,TEX,AL,123,387,46,91,18,2,16,58.0,1.0,0.0,33,121.0,2.0,7.0,0.0,1.0,8.0,guzmaro01
Jedd Gyorko,2018,1,SLN,NL,125,351,49,92,19,1,11,47.0,2.0,0.0,44,77.0,0.0,3.0,0.0,4.0,12.0,gyorkje01
Josh Hader,2018,1,MIL,NL,55,2,1,1,0,0,0,0.0,0.0,0.0,0,1.0,0.0,0.0,0.0,0.0,0.0,haderjo01
Billy Hamilton,2018,1,CIN,NL,153,504,74,119,16,9,4,29.0,34.0,10.0,46,132.0,0.0,1.0,1.0,4.0,1.0,hamilbi02
Mitch Haniger,2018,1,SEA,AL,157,596,90,170,38,4,26,93.0,8.0,2.0,70,148.0,4.0,10.0,0.0,7.0,8.0,hanigmi01
Alen Hanson,2018,1,SFN,NL,110,294,36,74,17,5,8,39.0,7.0,3.0,9,71.0,0.0,1.0,3.0,3.0,4.0,hansoal01
Ian Happ,2018,1,CHN,NL,142,387,56,90,19,2,15,44.0,8.0,4.0,70,167.0,9.0,3.0,0.0,2.0,6.0,happia01
Bryce Harper,2018,1,WAS,NL,159,550,103,137,34,0,34,100.0,13.0,3.0,130,169.0,16.0,6.0,0.0,9.0,7.0,harpebr03
Josh Harrison,2018,1,PIT,NL,97,344,41,86,13,1,8,37.0,3.0,0.0,18,68.0,1.0,5.0,2.0,5.0,8.0,harrijo05
Will Harris,2018,1,HOU,AL,61,0,0,0,0,0,0,0.0,0.0,0.0,0,0.0,0.0,0.0,0.0,0.0,0.0,harriwi02
Ryon Healy,2018,1,SEA,AL,133,493,51,116,15,0,24,73.0,0.0,0.0,27,113.0,0.0,2.0,0.0,2.0,21.0,healyry01
Adeiny Hechavarria,2018,1,TBA,AL,61,217,29,56,7,0,3,26.0,1.0,0.0,12,37.0,1.0,0.0,2.0,6.0,4.0,hechaad01
Austin Hedges,2018,1,SDN,NL,91,303,29,70,14,2,14,37.0,3.0,0.0,21,90.0,3.0,1.0,0.0,1.0,9.0,hedgeau01
Heath Hembree,2018,1,BOS,AL,67,1,0,0,0,0,0,0.0,0.0,0.0,0,1.0,0.0,0.0,0.0,0.0,0.0,hembrhe01
Guillermo Heredia,2018,1,SEA,AL,125,292,29,69,14,1,5,19.0,2.0,4.0,32,52.0,0.0,4.0,7.0,2.0,4.0,heredgu01
Cesar Hernandez,2018,1,PHI,NL,161,605,91,153,15,3,15,60.0,19.0,6.0,95,155.0,4.0,4.0,1.0,3.0,12.0,hernace02
David Hernandez,2018,1,CIN,NL,57,1,0,0,0,0,0,0.0,0.0,0.0,0,0.0,0.0,0.0,0.0,0.0,0.0,hernada01
Enrique Hernandez,2018,1,LAN,NL,145,402,67,103,17,3,21,52.0,3.0,0.0,50,78.0,5.0,1.0,4.0,5.0,3.0,hernaen02
Gorkys Hernandez,2018,1,SFN,NL,142,414,52,97,16,2,15,40.0,8.0,5.0,27,113.0,1.0,4.0,2.0,4.0,14.0,hernago01
Teoscar Hernandez,2018,1,TOR,AL,134,476,67,114,29,7,22,57.0,5.0,5.0,41,163.0,0.0,3.0,0.0,3.0,14.0,hernate01
Dilson Herrera,2018,1,CIN,NL,53,87,11,16,5,0,5,11.0,0.0,0.0,8,39.0,0.0,2.0,0.0,0.0,0.0,herredi01
Odubel Herrera,2018,1,PHI,NL,148,550,64,140,19,3,22,71.0,5.0,2.0,38,122.0,3.0,7.0,1.0,1.0,11.0,herreod01
Rosell Herrera,2018,2,KCA,AL,75,265,25,63,14,3,1,20.0,3.0,4.0,19,52.0,0.0,2.0,1.0,2.0,6.0,herrero02
Jason Heyward,2018,1,CHN,NL,127,440,67,119,23,4,8,57.0,1.0,1.0,42,60.0,1.0,2.0,2.0,2.0,7.0,heywaja01
Aaron Hicks,2018,1,NYA,AL,137,480,90,119,18,3,27,79.0,11.0,2.0,90,111.0,1.0,3.0,2.0,6.0,1.0,hicksaa01
John Hicks,2018,1,DET,AL,81,288,35,75,12,1,9,32.0,0.0,1.0,22,84.0,0.0,0.0,1.0,1.0,9.0,hicksjo02
Jordan Hicks,2018,1,SLN,NL,73,1,0,0,0,0,0,0.0,0.0,0.0,0,1.0,0.0,0.0,0.0,0.0,0.0,hicksjo03
Trevor Hildenberger,2018,1,MIN,AL,73,0,0,0,0,0,0,0.0,0.0,0.0,0,0.0,0.0,0.0,0.0,0.0,0.0,hildetr01
Tim Hill,2018,1,KCA,AL,70,1,0,0,0,0,0,0.0,0.0,0.0,0,1.0,0.0,0.0,0.0,0.0,0.0,hillti01
Yoshihisa Hirano,2018,1,ARI,NL,75,1,0,0,0,0,0,0.0,0.0,0.0,0,0.0,0.0,0.0,0.0,0.0,0.0,hiranyo01
Bryan Holaday,2018,1,MIA,NL,61,151,7,31,5,0,1,16.0,0.0,0.0,10,29.0,2.0,2.0,1.0,2.0,4.0,holadbr01
Jonathan Holder,2018,1,NYA,AL,60,0,0,0,0,0,0,0.0,0.0,0.0,0,0.0,0.0,0.0,0.0,0.0,0.0,holdejo02
Brock Holt,2018,1,BOS,AL,109,321,41,89,18,2,7,46.0,7.0,7.0,37,73.0,2.0,7.0,0.0,2.0,7.0,holtbr01
Rhys Hoskins,2018,1,PHI,NL,153,558,89,137,38,0,34,96.0,5.0,3.0,87,150.0,2.0,9.0,0.0,5.0,7.0,hoskirh01
Eric Hosmer,2018,1,SDN,NL,157,613,72,155,31,2,18,69.0,7.0,4.0,62,142.0,10.0,1.0,0.0,1.0,18.0,hosmeer01
Jared Hughes,2018,1,CIN,NL,72,0,0,0,0,0,0,0.0,0.0,0.0,0,0.0,0.0,0.0,0.0,0.0,0.0,hugheja02
Nick Hundley,2018,1,SFN,NL,96,282,34,68,13,2,10,31.0,2.0,1.0,22,85.0,2.0,1.0,0.0,0.0,8.0,hundlni01
Tommy Hunter,2018,1,PHI,NL,65,1,0,0,0,0,0,0.0,0.0,0.0,0,0.0,0.0,0.0,0.0,0.0,0.0,hunteto02
Chris Iannetta,2018,1,COL,NL,110,299,36,67,13,1,11,36.0,0.0,0.0,50,87.0,5.0,7.0,1.0,3.0,13.0,iannech01
Jose Iglesias,2018,1,DET,AL,125,432,43,116,31,3,5,48.0,15.0,6.0,19,47.0,0.0,8.0,3.0,2.0,11.0,iglesjo01
Raisel Iglesias,2018,1,CIN,NL,66,3,0,0,0,0,0,0.0,0.0,0.0,0,1.0,0.0,0.0,0.0,0.0,0.0,iglesra01
Ender Inciarte,2018,1,ATL,NL,156,597,83,158,27,6,10,61.0,28.0,14.0,49,86.0,1.0,6.0,4.0,4.0,6.0,inciaen01
Austin Jackson,2018,1,SFN,NL,59,149,12,36,8,0,0,13.0,2.0,1.0,14,59.0,2.0,1.0,0.0,1.0,4.0,jacksau01
Austin Jackson,2018,2,NYN,NL,57,198,17,49,9,1,3,19.0,1.0,2.0,12,74.0,0.0,0.0,0.0,0.0,4.0,jacksau01
Travis Jankowski,2018,1,SDN,NL,117,347,45,90,12,3,4,17.0,24.0,7.0,37,73.0,0.0,1.0,2.0,0.0,7.0,jankotr01
Kenley Jansen,2018,1,LAN,NL,69,0,0,0,0,0,0,0.0,0.0,0.0,0,0.0,0.0,0.0,0.0,0.0,0.0,janseke01
Jon Jay,2018,1,KCA,AL,59,238,28,73,9,2,1,18.0,3.0,2.0,19,39.0,0.0,3.0,4.0,2.0,4.0,jayjo02
Jon Jay,2018,2,ARI,NL,84,289,46,68,10,5,2,22.0,1.0,1.0,14,56.0,0.0,15.0,1.0,1.0,7.0,jayjo02
Jeremy Jeffress,2018,1,MIL,NL,73,0,0,0,0,0,0,0.0,0.0,0.0,0,0.0,0.0,0.0,0.0,0.0,0.0,jeffrje01
Dan Jennings,2018,1,MIL,NL,72,3,1,2,1,0,0,0.0,0.0,0.0,0,1.0,0.0,0.0,0.0,0.0,0.0,jennida01
Joe Jimenez,2018,1,DET,AL,68,0,0,0,0,0,0,0.0,0.0,0.0,0,0.0,0.0,0.0,0.0,0.0,0.0,jimenjo02
Jim Johnson,2018,1,LAA,AL,62,0,0,0,0,0,0,0.0,0.0,0.0,0,0.0,0.0,0.0,0.0,0.0,0.0,johnsji04
Adam Jones,2018,1,BAL,AL,145,580,54,163,35,0,15,63.0,7.0,1.0,24,93.0,1.0,5.0,0.0,4.0,21.0,jonesad01
JaCoby Jones,2018,1,DET,AL,129,429,54,89,22,6,11,34.0,13.0,5.0,24,142.0,0.0,11.0,1.0,2.0,9.0,jonesja07
Caleb Joseph,2018,1,BAL,AL,82,265,28,58,14,2,3,17.0,2.0,1.0,10,68.0,0.0,3.0,1.0,1.0,3.0,josepca01
Matthew Joyce,2018,1,OAK,AL,83,207,34,43,9,0,7,15.0,0.0,2.0,35,53.0,2.0,1.0,1.0,2.0,3.0,joycema01
Aaron Judge,2018,1,NYA,AL,112,413,77,115,22,0,27,67.0,6.0,3.0,76,152.0,3.0,4.0,0.0,5.0,10.0,judgeaa01
Joe Kelly,2018,1,BOS,AL,73,0,0,0,0,0,0,0.0,0.0,0.0,0,0.0,0.0,0.0,0.0,0.0,0.0,kellyjo05
Matt Kemp,2018,1,LAN,NL,146,462,62,134,25,0,21,85.0,0.0,0.0,36,115.0,2.0,1.0,0.0,7.0,14.0,kempma01
Tony Kemp,2018,1,HOU,AL,97,255,37,67,15,0,6,30.0,9.0,3.0,32,44.0,1.0,3.0,3.0,1.0,7.0,kempto01
Max Kepler,2018,1,MIN,AL,156,532,80,119,30,4,20,58.0,4.0,5.0,71,96.0,2.0,5.0,0.0,3.0,8.0,keplema01
Spencer Kieboom,2018,1,WAS,NL,52,125,16,29,5,0,2,13.0,0.0,0.0,16,28.0,0.0,1.0,0.0,1.0,2.0,kiebosp01
Kevin Kiermaier,2018,1,TBA,AL,88,332,44,72,12,9,7,29.0,10.0,5.0,25,91.0,2.0,6.0,2.0,2.0,4.0,kiermke01
Craig Kimbrel,2018,1,BOS,AL,63,0,0,0,0,0,0,0.0,0.0,0.0,0,0.0,0.0,0.0,0.0,0.0,0.0,kimbrcr01
Isiah Kiner-Falefa,2018,1,TEX,AL,111,356,43,93,18,2,4,34.0,7.0,5.0,28,62.0,1.0,6.0,5.0,1.0,14.0,kineris01
Scott Kingery,2018,1,PHI,NL,147,452,55,102,23,2,8,35.0,10.0,3.0,24,126.0,1.0,3.0,0.0,5.0,2.0,kingesc01
Ian Kinsler,2018,1,LAA,AL,91,355,49,85,20,0,13,32.0,9.0,4.0,30,40.0,0.0,4.0,0.0,2.0,10.0,kinslia01
Jason Kipnis,2018,1,CLE,AL,147,530,65,122,28,1,18,75.0,7.0,1.0,60,112.0,1.0,7.0,1.0,3.0,5.0,kipnija01
Andrew Knapp,2018,1,PHI,NL,84,187,19,37,6,2,4,15.0,1.0,0.0,24,75.0,1.0,2.0,1.0,1.0,2.0,knappan01
Corey Knebel,2018,1,MIL,NL,57,0,0,0,0,0,0,0.0,0.0,0.0,0,0.0,0.0,0.0,0.0,0.0,0.0,knebeco01
Erik Kratz,2018,1,MIL,NL,67,203,18,48,6,0,6,23.0,1.0,0.0,6,40.0,0.0,7.0,1.0,2.0,8.0,kratzer01
Jake Lamb,2018,1,ARI,NL,56,207,34,46,8,0,6,31.0,1.0,2.0,26,65.0,0.0,1.0,0.0,4.0,4.0,lambja01
Tommy La Stella,2018,1,CHN,NL,123,169,23,45,8,0,1,19.0,0.0,1.0,17,27.0,1.0,2.0,0.0,0.0,5.0,lasteto01
Jose Leclerc,2018,1,TEX,AL,59,0,0,0,0,0,0,0.0,0.0,0.0,0,0.0,0.0,0.0,0.0,0.0,0.0,leclejo01
DJ LeMahieu,2018,1,COL,NL,128,533,90,147,32,2,15,62.0,6.0,5.0,37,82.0,0.0,2.0,2.0,7.0,14.0,lemahdj01
Sandy Leon,2018,1,BOS,AL,89,265,30,47,12,0,5,22.0,1.0,0.0,15,75.0,0.0,4.0,3.0,1.0,6.0,leonsa01
Francisco Lindor,2018,1,CLE,AL,158,661,129,183,42,2,38,92.0,25.0,10.0,70,107.0,7.0,8.0,3.0,3.0,5.0,lindofr01
Evan Longoria,2018,1,SFN,NL,125,480,51,117,25,4,16,54.0,3.0,1.0,22,101.0,3.0,5.0,0.0,5.0,11.0,longoev01
Michael Lorenzen,2018,1,CIN,NL,55,31,5,9,1,0,4,10.0,0.0,0.0,2,9.0,0.0,0.0,1.0,0.0,4.0,lorenmi01
Aaron Loup,2018,1,TOR,AL,50,0,0,0,0,0,0,0.0,0.0,0.0,0,0.0,0.0,0.0,0.0,0.0,0.0,loupaa01
Jed Lowrie,2018,1,OAK,AL,157,596,78,159,37,1,23,99.0,0.0,0.0,78,128.0,1.0,3.0,0.0,3.0,8.0,lowrije01
Jonathan Lucroy,2018,1,OAK,AL,126,415,41,100,21,1,4,51.0,0.0,0.0,29,65.0,1.0,3.0,1.0,6.0,12.0,lucrojo01
Seth Lugo,2018,1,NYN,NL,54,11,1,1,0,0,0,0.0,0.0,0.0,1,8.0,0.0,0.0,1.0,0.0,0.0,lugose01
Dixon Machado,2018,1,DET,AL,67,214,20,44,13,1,1,21.0,1.0,1.0,14,41.0,1.0,3.0,1.0,1.0,2.0,machadi01
Manny Machado,2018,1,BAL,AL,96,365,48,115,21,1,24,65.0,8.0,1.0,45,51.0,12.0,0.0,0.0,3.0,14.0,machama01
Manny Machado,2018,2,LAN,NL,66,267,36,73,14,2,13,42.0,6.0,1.0,25,53.0,6.0,2.0,0.0,2.0,12.0,machama01
Mikie Mahtook,2018,1,DET,AL,67,223,24,45,4,2,9,29.0,4.0,1.0,21,66.0,1.0,3.0,0.0,3.0,3.0,mahtomi01
Luke Maile,2018,1,TOR,AL,68,202,22,50,13,1,3,27.0,2.0,0.0,25,67.0,0.0,2.0,0.0,2.0,4.0,mailelu01
Martin Maldonado,2018,1,LAA,AL,78,265,24,59,14,0,5,32.0,0.0,1.0,13,73.0,0.0,10.0,1.0,1.0,3.0,maldoma01
Trey Mancini,2018,1,BAL,AL,156,582,69,141,23,3,24,58.0,0.0,1.0,44,153.0,1.0,5.0,0.0,5.0,17.0,mancitr01
Manuel Margot,2018,1,SDN,NL,141,477,50,117,26,8,8,51.0,11.0,10.0,32,88.0,4.0,2.0,1.0,7.0,9.0,margoma01
Jake Marisnick,2018,1,HOU,AL,103,213,34,45,8,1,10,28.0,6.0,2.0,15,84.0,1.0,4.0,1.0,1.0,6.0,marisja01
Nick Markakis,2018,1,ATL,NL,162,623,78,185,43,2,14,93.0,1.0,1.0,72,80.0,10.0,1.0,0.0,9.0,18.0,markani01
Jefry Marte,2018,1,LAA,AL,90,194,28,42,7,1,7,22.0,1.0,1.0,13,41.0,0.0,2.0,0.0,0.0,6.0,marteje01
Ketel Marte,2018,1,ARI,NL,153,520,68,135,26,12,14,59.0,6.0,1.0,54,79.0,3.0,3.0,1.0,2.0,12.0,marteke01
Starling Marte,2018,1,PIT,NL,145,559,81,155,32,5,20,72.0,33.0,14.0,35,109.0,2.0,8.0,1.0,3.0,11.0,martest01
J. D. Martinez,2018,1,BOS,AL,150,569,111,188,37,2,43,130.0,6.0,1.0,69,146.0,11.0,4.0,0.0,7.0,19.0,martijd02
Jose Martinez,2018,1,SLN,NL,152,534,64,163,30,0,17,83.0,0.0,3.0,49,104.0,0.0,2.0,2.0,3.0,15.0,martijo08
Leonys Martin,2018,1,DET,AL,78,303,45,76,15,3,9,29.0,7.0,3.0,29,75.0,1.0,3.0,0.0,1.0,1.0,martile01
Nick Martini,2018,1,OAK,AL,55,152,26,45,9,3,1,19.0,0.0,0.0,21,36.0,1.0,5.0,0.0,1.0,0.0,martini02
Russell Martin,2018,1,TOR,AL,90,289,37,56,8,0,10,25.0,0.0,3.0,56,82.0,0.0,7.0,0.0,0.0,7.0,martiru01
Victor Martinez,2018,1,DET,AL,133,467,32,117,21,0,9,54.0,0.0,0.0,32,49.0,4.0,2.0,0.0,7.0,19.0,martivi01
Jeff Mathis,2018,1,ARI,NL,69,195,15,39,9,1,1,20.0,0.0,0.0,20,66.0,1.0,0.0,1.0,2.0,7.0,mathije01
Joe Mauer,2018,1,MIN,AL,127,486,64,137,27,1,6,48.0,0.0,1.0,51,86.0,5.0,2.0,1.0,3.0,9.0,mauerjo01
Cameron Maybin,2018,1,MIA,NL,99,251,20,63,12,1,3,20.0,8.0,5.0,32,55.0,1.0,2.0,0.0,2.0,3.0,maybica01
Mike Mayers,2018,1,SLN,NL,50,1,0,0,0,0,0,0.0,0.0,0.0,1,1.0,0.0,0.0,0.0,0.0,0.0,mayermi01
Nomar Mazara,2018,1,TEX,AL,128,489,61,126,25,1,20,77.0,1.0,0.0,40,116.0,2.0,4.0,0.0,3.0,13.0,mazarno01
Brian McCann,2018,1,HOU,AL,63,189,22,40,3,0,7,23.0,0.0,1.0,19,40.0,0.0,6.0,0.0,2.0,7.0,mccanbr01
James McCann,2018,1,DET,AL,118,427,31,94,16,0,8,39.0,0.0,3.0,26,116.0,0.0,2.0,0.0,2.0,9.0,mccanja02
Kevin McCarthy,2018,1,KCA,AL,65,0,0,0,0,0,0,0.0,0.0,0.0,0,0.0,0.0,0.0,0.0,0.0,0.0,mccarke01
Andrew McCutchen,2018,1,SFN,NL,130,482,65,123,28,2,15,55.0,13.0,6.0,73,123.0,1.0,7.0,0.0,6.0,11.0,mccutan01
Jake McGee,2018,1,COL,NL,61,0,0,0,0,0,0,0.0,0.0,0.0,0,0.0,0.0,0.0,0.0,0.0,0.0,mcgeeja01
Collin McHugh,2018,1,HOU,AL,58,0,0,0,0,0,0,0.0,0.0,0.0,0,0.0,0.0,0.0,0.0,0.0,0.0,mchugco01
Ryan McMahon,2018,1,COL,NL,91,181,17,42,9,1,5,19.0,1.0,0.0,18,64.0,2.0,2.0,0.0,1.0,0.0,mcmahry01
Jeff McNeil,2018,1,NYN,NL,63,225,35,74,11,6,3,19.0,7.0,1.0,14,24.0,1.0,5.0,4.0,0.0,2.0,mcneije01
Jordy Mercer,2018,1,PIT,NL,117,394,43,99,29,2,6,39.0,2.0,0.0,32,87.0,9.0,6.0,1.0,3.0,12.0,mercejo03
Whit Merrifield,2018,1,KCA,AL,158,632,88,192,43,3,12,60.0,45.0,10.0,61,114.0,2.0,6.0,2.0,6.0,12.0,merriwh01
Devin Mesoraco,2018,2,NYN,NL,66,203,23,45,8,0,10,30.0,0.0,0.0,23,42.0,3.0,2.0,0.0,1.0,7.0,mesorde01
Justin Miller,2018,1,WAS,NL,51,1,0,0,0,0,0,0.0,0.0,0.0,0,0.0,0.0,0.0,0.0,0.0,1.0,milleju02
Juan Minaya,2018,1,CHA,AL,52,0,0,0,0,0,0,0.0,0.0,0.0,0,0.0,0.0,0.0,0.0,0.0,0.0,minayju01
A. J. Minter,2018,1,ATL,NL,65,0,0,0,0,0,0,0.0,0.0,0.0,0,0.0,0.0,0.0,0.0,0.0,0.0,minteaj01
Yadier Molina,2018,1,SLN,NL,123,459,55,120,20,0,20,74.0,4.0,3.0,29,66.0,0.0,9.0,0.0,6.0,15.0,molinya01
Yoan Moncada,2018,1,CHA,AL,149,578,73,136,32,6,17,61.0,12.0,6.0,67,217.0,1.0,1.0,2.0,2.0,4.0,moncayo01
Adalberto Mondesi,2018,1,KCA,AL,75,275,47,76,13,3,14,37.0,32.0,7.0,11,77.0,0.0,1.0,3.0,1.0,2.0,mondera02
Kendrys Morales,2018,1,TOR,AL,130,413,47,103,15,0,21,57.0,2.0,3.0,50,95.0,5.0,3.0,0.0,5.0,15.0,moralke01
Colin Moran,2018,1,PIT,NL,144,415,49,115,19,1,11,58.0,0.0,2.0,39,82.0,4.0,4.0,0.0,7.0,6.0,moranco01
Mitch Moreland,2018,1,BOS,AL,124,404,57,99,23,4,15,68.0,2.0,0.0,50,102.0,2.0,0.0,0.0,5.0,12.0,morelmi01
Adam Morgan,2018,1,PHI,NL,67,0,0,0,0,0,0,0.0,0.0,0.0,0,0.0,0.0,0.0,0.0,0.0,0.0,morgaad01
Reyes Moronta,2018,1,SFN,NL,69,1,0,0,0,0,0,0.0,0.0,0.0,0,1.0,0.0,0.0,0.0,0.0,0.0,moronre01
Logan Morrison,2018,1,MIN,AL,95,318,41,59,13,0,15,39.0,1.0,0.0,34,80.0,0.0,6.0,0.0,1.0,3.0,morrilo01
Mike Moustakas,2018,1,KCA,AL,98,378,46,94,21,1,20,62.0,3.0,0.0,30,63.0,3.0,5.0,0.0,4.0,10.0,moustmi01
Mike Moustakas,2018,2,MIL,NL,54,195,20,50,12,0,8,33.0,1.0,1.0,19,40.0,2.0,2.0,0.0,2.0,3.0,moustmi01
Max Muncy,2018,1,LAN,NL,137,395,75,104,17,2,35,79.0,3.0,0.0,79,131.0,6.0,5.0,0.0,2.0,4.0,muncyma01
Yairo Munoz,2018,1,SLN,NL,108,293,39,81,16,0,8,42.0,5.0,6.0,30,71.0,7.0,4.0,0.0,2.0,3.0,munozya01
Daniel Murphy,2018,1,WAS,NL,56,190,17,57,9,0,6,29.0,1.0,0.0,13,17.0,2.0,0.0,0.0,2.0,4.0,murphda08
J. R. Murphy,2018,1,ARI,NL,87,208,19,42,9,0,9,24.0,0.0,0.0,11,71.0,1.0,1.0,2.0,1.0,1.0,murphjr01
Wil Myers,2018,1,SDN,NL,83,312,39,79,25,1,11,39.0,13.0,1.0,30,94.0,1.0,0.0,0.0,1.0,10.0,myerswi01
Tyler Naquin,2018,1,CLE,AL,61,174,22,46,7,0,3,23.0,1.0,1.0,6,42.0,1.0,2.0,0.0,1.0,1.0,naquity01
Omar Narvaez,2018,1,CHA,AL,97,280,30,77,14,1,9,30.0,0.0,2.0,38,65.0,1.0,2.0,2.0,0.0,5.0,narvaom01
Hector Neris,2018,1,PHI,NL,53,1,0,0,0,0,0,0.0,0.0,0.0,0,1.0,0.0,0.0,0.0,0.0,0.0,nerishe01
Brandon Nimmo,2018,1,NYN,NL,140,433,77,114,28,8,17,47.0,9.0,6.0,80,140.0,2.0,22.0,0.0,0.0,8.0,nimmobr01
Bud Norris,2018,1,SLN,NL,64,0,0,0,0,0,0,0.0,0.0,0.0,0,0.0,0.0,0.0,0.0,0.0,0.0,norribu01
Eduardo Nunez,2018,1,BOS,AL,127,480,56,127,23,3,10,44.0,7.0,2.0,16,69.0,0.0,2.0,1.0,3.0,17.0,nunezed02
Renato Nunez,2018,2,BAL,AL,60,200,26,55,13,0,7,20.0,0.0,0.0,16,50.0,0.0,3.0,0.0,1.0,4.0,nunezre01
Scott Oberg,2018,1,COL,NL,56,0,0,0,0,0,0,0.0,0.0,0.0,0,0.0,0.0,0.0,0.0,0.0,0.0,obergsc01
Rougned Odor,2018,1,TEX,AL,129,474,76,120,23,2,18,63.0,12.0,12.0,43,127.0,2.0,11.0,2.0,5.0,5.0,odorro01
Shohei Ohtani,2018,1,LAA,AL,114,326,59,93,21,2,22,61.0,10.0,4.0,37,102.0,2.0,2.0,0.0,1.0,2.0,ohtansh01
Matt Olson,2018,1,OAK,AL,162,580,85,143,33,0,29,84.0,2.0,1.0,70,163.0,3.0,8.0,0.0,2.0,13.0,olsonma02
Tyler O'Neill,2018,1,SLN,NL,61,130,29,33,5,0,9,23.0,2.0,0.0,7,57.0,0.0,3.0,0.0,2.0,0.0,oneilty01
Jose Osuna,2018,1,PIT,NL,51,106,14,24,9,0,3,11.0,0.0,0.0,3,22.0,0.0,1.0,0.0,1.0,2.0,osunajo01
Dan Otero,2018,1,CLE,AL,61,0,0,0,0,0,0,0.0,0.0,0.0,0,0.0,0.0,0.0,0.0,0.0,0.0,oteroda01
Adam Ottavino,2018,1,COL,NL,75,0,0,0,0,0,0,0.0,0.0,0.0,0,0.0,0.0,0.0,0.0,0.0,0.0,ottavad01
Chris Owings,2018,1,ARI,NL,106,281,34,58,15,0,4,22.0,11.0,4.0,24,75.0,4.0,2.0,0.0,2.0,4.0,owingch01
Marcell Ozuna,2018,1,SLN,NL,148,582,69,163,16,2,23,88.0,3.0,0.0,38,110.0,2.0,3.0,0.0,4.0,10.0,ozunama01
Emilio Pagan,2018,1,OAK,AL,55,0,0,0,0,0,0,0.0,0.0,0.0,0,0.0,0.0,0.0,0.0,0.0,0.0,paganem01
Daniel Palka,2018,1,CHA,AL,124,417,56,100,15,3,27,67.0,2.0,1.0,30,153.0,3.0,2.0,0.0,0.0,7.0,palkada01
Joe Panik,2018,1,SFN,NL,102,358,38,91,14,1,4,24.0,4.0,2.0,26,30.0,3.0,3.0,1.0,4.0,10.0,panikjo01
Blake Parker,2018,1,LAA,AL,67,0,0,0,0,0,0,0.0,0.0,0.0,0,0.0,0.0,0.0,0.0,0.0,0.0,parkebl01
Gerardo Parra,2018,1,COL,NL,142,401,52,114,17,0,6,53.0,11.0,4.0,32,75.0,3.0,5.0,2.0,3.0,6.0,parrage01
James Pazos,2018,1,SEA,AL,60,0,0,0,0,0,0,0.0,0.0,0.0,0,0.0,0.0,0.0,0.0,0.0,0.0,pazosja01
Brad Peacock,2018,1,HOU,AL,61,1,0,0,0,0,0,0.0,0.0,0.0,0,1.0,0.0,0.0,0.0,0.0,0.0,peacobr01
Steve Pearce,2018,2,BOS,AL,50,136,19,38,8,1,7,26.0,0.0,0.0,22,27.0,0.0,5.0,0.0,2.0,1.0,pearcst01
Joc Pederson,2018,1,LAN,NL,148,395,65,98,27,3,25,56.0,1.0,5.0,40,85.0,3.0,4.0,1.0,3.0,6.0,pederjo01
Francisco Pena,2018,1,SLN,NL,58,133,10,27,3,0,2,8.0,1.0,0.0,6,43.0,3.0,1.0,0.0,2.0,5.0,penafr01
Hunter Pence,2018,1,SFN,NL,97,235,19,53,11,1,4,24.0,5.0,1.0,11,59.0,1.0,0.0,0.0,2.0,1.0,pencehu01
David Peralta,2018,1,ARI,NL,146,560,75,164,25,5,30,87.0,4.0,0.0,48,124.0,4.0,4.0,0.0,2.0,14.0,peralda01
Wandy Peralta,2018,1,CIN,NL,59,1,0,0,0,0,0,0.0,0.0,0.0,0,1.0,0.0,0.0,2.0,0.0,0.0,peralwa01
Jose Peraza,2018,1,CIN,NL,157,632,85,182,31,4,14,58.0,23.0,6.0,29,75.0,4.0,9.0,8.0,5.0,12.0,perazjo01
Hernan Perez,2018,1,MIL,NL,132,316,36,80,11,2,9,29.0,11.0,3.0,17,71.0,1.0,0.0,0.0,1.0,6.0,perezhe01
Oliver Perez,2018,1,CLE,AL,51,0,0,0,0,0,0,0.0,0.0,0.0,0,0.0,0.0,0.0,0.0,0.0,0.0,perezol01
Roberto Perez,2018,1,CLE,AL,62,179,16,30,9,1,2,19.0,1.0,0.0,21,70.0,0.0,1.0,7.0,2.0,6.0,perezro02
Salvador Perez,2018,1,KCA,AL,129,510,52,120,23,0,27,80.0,1.0,1.0,17,108.0,0.0,12.0,0.0,5.0,19.0,perezsa02
Jace Peterson,2018,2,BAL,AL,93,200,21,39,13,2,3,28.0,13.0,2.0,30,55.0,0.0,3.0,1.0,1.0,8.0,peterja01
Yusmeiro Petit,2018,1,OAK,AL,74,0,0,0,0,0,0,0.0,0.0,0.0,0,0.0,0.0,0.0,0.0,0.0,0.0,petityu01
Tommy Pham,2018,1,SLN,NL,98,351,67,87,11,0,14,41.0,10.0,6.0,42,97.0,1.0,2.0,0.0,1.0,12.0,phamth01
Kevin Pillar,2018,1,TOR,AL,142,512,65,129,40,2,15,59.0,14.0,3.0,18,98.0,0.0,6.0,0.0,6.0,8.0,pillake01
Manny Pina,2018,1,MIL,NL,98,306,39,77,13,2,9,28.0,2.0,0.0,21,62.0,3.0,5.0,1.0,4.0,13.0,pinama01
Chad Pinder,2018,1,OAK,AL,110,298,43,77,12,1,13,27.0,0.0,2.0,27,88.0,1.0,6.0,2.0,0.0,4.0,pindech01
Jose Pirela,2018,1,SDN,NL,146,438,54,109,23,2,5,32.0,6.0,3.0,30,89.0,1.0,3.0,0.0,2.0,10.0,pireljo01
Stephen Piscotty,2018,1,OAK,AL,151,546,78,146,41,0,27,88.0,2.0,0.0,42,114.0,0.0,12.0,0.0,5.0,21.0,piscost01
Kevin Plawecki,2018,1,NYN,NL,79,238,33,50,13,2,7,30.0,0.0,1.0,28,65.0,2.0,9.0,1.0,1.0,12.0,plaweke01
Gregory Polanco,2018,1,PIT,NL,130,461,75,117,32,6,23,81.0,12.0,2.0,61,117.0,5.0,3.0,0.0,7.0,11.0,polangr01
Jorge Polanco,2018,1,MIN,AL,77,302,38,87,18,3,6,42.0,7.0,7.0,25,62.0,0.0,2.0,3.0,1.0,5.0,polanjo01
A. J. Pollock,2018,1,ARI,NL,113,413,61,106,21,5,21,65.0,13.0,2.0,31,100.0,2.0,8.0,1.0,7.0,6.0,polloaj01
Buster Posey,2018,1,SFN,NL,105,398,47,113,22,1,5,41.0,3.0,2.0,45,53.0,3.0,3.0,0.0,2.0,12.0,poseybu01
Martin Prado,2018,1,MIA,NL,54,197,16,48,9,0,1,18.0,1.0,1.0,11,35.0,0.0,1.0,0.0,0.0,5.0,pradoma01
Ryan Pressly,2018,1,MIN,AL,51,0,0,0,0,0,0,0.0,0.0,0.0,0,0.0,0.0,0.0,0.0,0.0,0.0,pressry01
Jurickson Profar,2018,1,TEX,AL,146,524,82,133,35,6,20,77.0,10.0,0.0,54,88.0,1.0,12.0,0.0,4.0,9.0,profaju01
Yasiel Puig,2018,1,LAN,NL,125,405,60,108,21,1,23,63.0,15.0,5.0,36,87.0,2.0,1.0,0.0,2.0,15.0,puigya01
Albert Pujols,2018,1,LAA,AL,117,465,50,114,20,0,19,64.0,1.0,0.0,28,65.0,3.0,2.0,0.0,3.0,12.0,pujolal01
Roman Quinn,2018,1,PHI,NL,50,131,13,35,6,4,2,12.0,10.0,4.0,10,35.0,0.0,1.0,1.0,0.0,1.0,quinnro01
Jose Ramirez,2018,1,CLE,AL,157,578,110,156,38,4,39,105.0,34.0,6.0,106,80.0,15.0,8.0,0.0,6.0,2.0,ramirjo01
Noe Ramirez,2018,1,LAA,AL,69,0,0,0,0,0,0,0.0,0.0,0.0,0,0.0,0.0,0.0,0.0,0.0,0.0,ramirno01
Edubray Ramos,2018,1,PHI,NL,52,0,0,0,0,0,0,0.0,0.0,0.0,0,0.0,0.0,0.0,0.0,0.0,0.0,ramosed02
Wilson Ramos,2018,1,TBA,AL,78,293,30,87,14,0,14,53.0,0.0,0.0,22,61.0,1.0,0.0,0.0,0.0,17.0,ramoswi01
J. T. Realmuto,2018,1,MIA,NL,125,477,74,132,30,3,21,74.0,3.0,2.0,38,104.0,0.0,10.0,0.0,4.0,9.0,realmjt01
Josh Reddick,2018,1,HOU,AL,134,433,63,105,13,2,17,47.0,7.0,2.0,49,77.0,3.0,0.0,1.0,2.0,9.0,reddijo01
Addison Reed,2018,1,MIN,AL,55,0,0,0,0,0,0,0.0,0.0,0.0,0,0.0,0.0,0.0,0.0,0.0,0.0,reedad01
Anthony Rendon,2018,1,WAS,NL,136,529,88,163,44,2,24,92.0,2.0,1.0,55,82.0,5.0,5.0,0.0,8.0,5.0,rendoan01
Hunter Renfroe,2018,1,SDN,NL,117,403,53,100,23,1,26,68.0,2.0,1.0,30,109.0,2.0,3.0,0.0,5.0,9.0,renfrhu01
Franmil Reyes,2018,1,SDN,NL,87,261,36,73,9,0,16,31.0,0.0,0.0,24,80.0,0.0,0.0,0.0,0.0,5.0,reyesfr01
Jose Reyes,2018,1,NYN,NL,110,228,30,43,12,3,4,16.0,5.0,2.0,22,39.0,1.0,0.0,1.0,0.0,5.0,reyesjo01
Victor Reyes,2018,1,DET,AL,100,212,35,47,5,3,1,12.0,9.0,1.0,5,46.0,0.0,0.0,1.0,1.0,4.0,reyesvi01
Mark Reynolds,2018,1,WAS,NL,86,206,26,51,8,0,13,40.0,0.0,0.0,24,64.0,1.0,2.0,0.0,3.0,8.0,reynoma01
Joey Rickard,2018,1,BAL,AL,79,213,27,52,10,1,8,23.0,4.0,2.0,15,55.0,0.0,2.0,0.0,0.0,3.0,rickajo01
JT Riddle,2018,1,MIA,NL,102,308,28,71,10,4,9,36.0,0.0,3.0,20,67.0,1.0,0.0,3.0,1.0,4.0,riddljt01
Felipe Vazquez,2018,1,PIT,NL,70,1,0,0,0,0,0,0.0,0.0,0.0,0,1.0,0.0,0.0,0.0,0.0,0.0,riverfe01
Yadiel Rivera,2018,1,MIA,NL,111,139,13,24,3,0,1,9.0,2.0,1.0,19,51.0,3.0,0.0,0.0,2.0,3.0,riverya01
Anthony Rizzo,2018,1,CHN,NL,153,566,74,160,29,1,25,101.0,6.0,4.0,70,80.0,15.0,20.0,0.0,9.0,11.0,rizzoan01
David Robertson,2018,1,NYA,AL,69,0,0,0,0,0,0,0.0,0.0,0.0,0,0.0,0.0,0.0,0.0,0.0,0.0,roberda08
Daniel Robertson,2018,1,TBA,AL,88,282,46,74,16,0,9,34.0,2.0,2.0,43,77.0,0.0,13.0,0.0,2.0,7.0,roberda10
Richard Rodriguez,2018,1,PIT,NL,63,2,0,0,0,0,0,0.0,0.0,0.0,0,2.0,0.0,0.0,0.0,0.0,0.0,rodriri05
Ronny Rodriguez,2018,1,DET,AL,62,191,17,42,7,0,5,20.0,2.0,0.0,10,42.0,0.0,0.0,3.0,2.0,7.0,rodriro03
Sean Rodriguez,2018,1,PIT,NL,66,150,21,25,5,1,5,19.0,1.0,0.0,22,60.0,1.0,1.0,0.0,0.0,1.0,rodrise01
Chaz Roe,2018,1,TBA,AL,61,0,0,0,0,0,0,0.0,0.0,0.0,0,0.0,0.0,0.0,0.0,0.0,0.0,roech01
Taylor Rogers,2018,1,MIN,AL,72,0,0,0,0,0,0,0.0,0.0,0.0,0,0.0,0.0,0.0,0.0,0.0,0.0,rogerta01
Miguel Rojas,2018,1,MIA,NL,153,488,44,123,13,0,11,53.0,6.0,3.0,24,69.0,2.0,9.0,2.0,4.0,23.0,rojasmi02
Andrew Romine,2018,1,SEA,AL,75,119,15,25,2,1,0,2.0,1.0,0.0,7,39.0,0.0,1.0,4.0,0.0,2.0,rominan01
Austin Romine,2018,1,NYA,AL,77,242,30,59,12,0,10,42.0,1.0,0.0,17,67.0,0.0,2.0,1.0,3.0,10.0,rominau01
Sergio Romo,2018,1,TBA,AL,73,1,0,0,0,0,0,0.0,0.0,0.0,0,1.0,0.0,0.0,0.0,0.0,0.0,romose01
Hector Rondon,2018,1,HOU,AL,63,0,0,0,0,0,0,0.0,0.0,0.0,0,0.0,0.0,0.0,0.0,0.0,0.0,rondohe01
Amed Rosario,2018,1,NYN,NL,154,554,76,142,26,8,9,51.0,24.0,11.0,29,119.0,4.0,3.0,3.0,3.0,9.0,rosaram01
Eddie Rosario,2018,1,MIN,AL,138,559,87,161,31,2,24,77.0,8.0,2.0,30,104.0,5.0,0.0,1.0,2.0,4.0,rosared01
Ryan Rua,2018,1,TEX,AL,61,139,17,27,3,1,6,12.0,3.0,1.0,5,53.0,0.0,0.0,2.0,1.0,2.0,ruary01
Addison Russell,2018,1,CHN,NL,130,420,52,105,21,1,5,38.0,4.0,0.0,40,99.0,2.0,2.0,1.0,2.0,7.0,russead02
Tyler Saladino,2018,2,MIL,NL,52,118,11,29,3,0,5,16.0,2.0,2.0,9,38.0,0.0,1.0,1.0,1.0,3.0,saladty01
Carlos Sanchez,2018,1,CHA,AL,155,600,62,145,34,10,8,55.0,14.0,6.0,49,138.0,0.0,8.0,2.0,3.0,9.0,sanchca01
Gary Sanchez,2018,1,NYA,AL,89,323,51,60,17,0,18,53.0,1.0,0.0,46,94.0,0.0,3.0,0.0,2.0,10.0,sanchga02
Pablo Sandoval,2018,1,SFN,NL,92,230,22,57,10,1,9,40.0,0.0,0.0,19,52.0,2.0,2.0,0.0,1.0,9.0,sandopa01
Miguel Sano,2018,1,MIN,AL,71,266,32,53,14,0,13,41.0,0.0,0.0,31,115.0,0.0,0.0,0.0,2.0,7.0,sanomi01
Carlos Santana,2018,1,PHI,NL,161,560,82,128,28,2,24,86.0,2.0,1.0,110,93.0,6.0,1.0,0.0,8.0,12.0,santaca01
Domingo Santana,2018,1,MIL,NL,85,211,21,56,14,1,5,20.0,1.0,1.0,20,77.0,1.0,1.0,0.0,3.0,3.0,santado01
Edgar Santana,2018,1,PIT,NL,69,0,0,0,0,0,0,0.0,0.0,0.0,0,0.0,0.0,0.0,0.0,0.0,0.0,santaed01
Scott Schebler,2018,1,CIN,NL,107,380,55,97,19,0,17,49.0,4.0,2.0,39,99.0,1.0,9.0,0.0,2.0,5.0,schebsc01
Jonathan Schoop,2018,1,BAL,AL,85,349,45,85,18,1,17,40.0,0.0,1.0,12,74.0,1.0,3.0,1.0,2.0,8.0,schoojo01
Kyle Schwarber,2018,1,CHN,NL,137,428,64,102,14,3,26,61.0,4.0,3.0,78,140.0,20.0,1.0,1.0,2.0,6.0,schwaky01
Tanner Scott,2018,1,BAL,AL,53,0,0,0,0,0,0,0.0,0.0,0.0,0,0.0,0.0,0.0,0.0,0.0,0.0,scottta01
Kyle Seager,2018,1,SEA,AL,155,583,62,129,36,1,22,78.0,2.0,2.0,38,138.0,3.0,5.0,0.0,4.0,10.0,seageky01
Jean Segura,2018,1,SEA,AL,144,586,91,178,29,3,10,63.0,20.0,11.0,32,69.0,2.0,4.0,4.0,6.0,17.0,segurje01
Marcus Semien,2018,1,OAK,AL,159,632,89,161,35,2,15,70.0,14.0,6.0,61,131.0,1.0,1.0,2.0,7.0,12.0,semiema01
Pedro Severino,2018,1,WAS,NL,70,190,14,32,9,0,2,15.0,1.0,0.0,18,47.0,4.0,4.0,0.0,1.0,3.0,severpe01
Bryan Shaw,2018,1,COL,NL,61,0,0,0,0,0,0,0.0,0.0,0.0,0,0.0,0.0,0.0,0.0,0.0,0.0,shawbr01
Travis Shaw,2018,1,MIL,NL,152,498,73,120,23,0,32,86.0,5.0,2.0,78,108.0,6.0,4.0,1.0,6.0,7.0,shawtr01
JB Shuck,2018,1,MIA,NL,70,130,10,25,3,1,0,4.0,2.0,2.0,10,22.0,1.0,1.0,1.0,0.0,1.0,shuckja01
Magneuris Sierra,2018,1,MIA,NL,54,147,10,28,3,0,0,7.0,3.0,2.0,6,39.0,1.0,0.0,3.0,0.0,0.0,sierrma01
Andrelton Simmons,2018,1,LAA,AL,146,554,68,162,26,5,11,75.0,10.0,2.0,35,44.0,2.0,5.0,1.0,5.0,17.0,simmoan01
Tony Sipp,2018,1,HOU,AL,54,0,0,0,0,0,0,0.0,0.0,0.0,0,0.0,0.0,0.0,0.0,0.0,0.0,sippto01
Chance Sisco,2018,1,BAL,AL,63,160,13,29,8,0,2,16.0,1.0,0.0,13,66.0,0.0,11.0,0.0,0.0,2.0,siscoch01
Austin Slater,2018,1,SFN,NL,74,199,21,50,6,1,1,23.0,7.0,0.0,20,69.0,2.0,5.0,0.0,1.0,5.0,slateau01
Dominic Smith,2018,1,NYN,NL,56,143,14,32,11,1,5,11.0,0.0,0.0,4,47.0,0.0,2.0,0.0,0.0,2.0,smithdo02
Joe Smith,2018,1,HOU,AL,56,0,0,0,0,0,0,0.0,0.0,0.0,0,0.0,0.0,0.0,0.0,0.0,0.0,smithjo05
Kevan Smith,2018,1,CHA,AL,52,171,21,50,6,0,3,21.0,1.0,0.0,10,18.0,0.0,5.0,0.0,1.0,5.0,smithke04
Mallex Smith,2018,1,TBA,AL,141,480,65,142,27,10,2,40.0,40.0,12.0,47,98.0,0.0,8.0,7.0,2.0,11.0,smithma05
Will Smith,2018,1,SFN,NL,54,0,0,0,0,0,0,0.0,0.0,0.0,0,0.0,0.0,0.0,0.0,0.0,0.0,smithwi04
Justin Smoak,2018,1,TOR,AL,147,505,67,122,34,0,25,77.0,0.0,1.0,83,156.0,2.0,3.0,0.0,3.0,11.0,smoakju01
Eric Sogard,2018,1,MIL,NL,55,97,7,13,3,0,0,2.0,3.0,0.0,12,23.0,1.0,2.0,1.0,1.0,3.0,sogarer01
Yangervis Solarte,2018,1,TOR,AL,122,468,50,106,20,0,17,54.0,1.0,3.0,31,72.0,1.0,3.0,1.0,3.0,21.0,solarya01
Jorge Soler,2018,1,KCA,AL,61,223,27,59,18,0,9,28.0,3.0,1.0,28,69.0,0.0,4.0,0.0,2.0,6.0,solerjo01
Sammy Solis,2018,1,WAS,NL,56,0,0,0,0,0,0,0.0,0.0,0.0,0,0.0,0.0,0.0,0.0,0.0,0.0,solissa01
Juan Soto,2018,1,WAS,NL,116,414,77,121,25,1,22,70.0,5.0,2.0,79,99.0,10.0,0.0,1.0,0.0,9.0,sotoju01
Steven Souza,2018,1,ARI,NL,72,241,21,53,15,3,5,29.0,6.0,1.0,28,75.0,0.0,3.0,0.0,0.0,4.0,souzast01
Denard Span,2018,2,SEA,AL,94,294,36,80,15,6,7,30.0,3.0,2.0,23,55.0,0.0,5.0,0.0,6.0,5.0,spande01
Cory Spangenberg,2018,1,SDN,NL,116,298,35,70,9,4,7,25.0,6.0,1.0,25,108.0,0.0,2.0,4.0,0.0,6.0,spangco01
George Springer,2018,1,HOU,AL,140,544,102,144,26,0,22,71.0,6.0,4.0,64,122.0,0.0,5.0,0.0,3.0,12.0,springe01
Craig Stammen,2018,1,SDN,NL,73,0,0,0,0,0,0,0.0,0.0,0.0,0,0.0,0.0,0.0,0.0,0.0,0.0,stammcr01
Ryne Stanek,2018,1,TBA,AL,59,0,0,0,0,0,0,0.0,0.0,0.0,0,0.0,0.0,0.0,0.0,0.0,0.0,stanery01
Giancarlo Stanton,2018,1,NYA,AL,158,617,102,164,34,1,38,100.0,5.0,0.0,70,211.0,5.0,8.0,0.0,10.0,17.0,stantmi03
Max Stassi,2018,1,HOU,AL,88,221,28,50,13,0,8,27.0,0.0,0.0,23,74.0,0.0,6.0,0.0,0.0,6.0,stassma01
Drew Steckenrider,2018,1,MIA,NL,71,0,0,0,0,0,0,0.0,0.0,0.0,0,0.0,0.0,0.0,0.0,0.0,0.0,steckdr01
Andrew Stevenson,2018,1,WAS,NL,57,75,9,19,2,0,1,13.0,1.0,1.0,6,23.0,0.0,1.0,1.0,3.0,0.0,stevean01
Trevor Story,2018,1,COL,NL,157,598,88,174,42,6,37,108.0,27.0,6.0,47,168.0,3.0,7.0,0.0,4.0,12.0,storytr01
Pedro Strop,2018,1,CHN,NL,60,2,0,0,0,0,0,0.0,0.0,0.0,0,0.0,0.0,0.0,0.0,0.0,1.0,stroppe01
Daniel Stumpf,2018,1,DET,AL,56,0,0,0,0,0,0,0.0,0.0,0.0,0,0.0,0.0,0.0,0.0,0.0,0.0,stumpda01
Eugenio Suarez,2018,1,CIN,NL,143,527,79,149,22,2,34,104.0,1.0,1.0,64,142.0,7.0,9.0,0.0,6.0,20.0,suareeu01
Jesus Sucre,2018,1,TBA,AL,73,182,9,38,5,0,1,17.0,1.0,0.0,9,29.0,2.0,1.0,4.0,2.0,4.0,sucreje01
Kurt Suzuki,2018,1,ATL,NL,105,347,45,94,24,0,12,50.0,0.0,0.0,22,43.0,0.0,13.0,0.0,6.0,6.0,suzukku01
Dansby Swanson,2018,1,ATL,NL,136,478,51,114,25,4,14,59.0,10.0,4.0,44,122.0,15.0,2.0,6.0,3.0,5.0,swansda01
Blake Swihart,2018,1,BOS,AL,82,192,28,44,10,0,3,18.0,6.0,1.0,15,57.0,0.0,0.0,0.0,0.0,4.0,swihabl01
Matt Szczur,2018,1,SDN,NL,57,75,11,14,3,0,1,6.0,3.0,0.0,8,24.0,0.0,0.0,1.0,0.0,2.0,szczuma01
Chris Taylor,2018,1,LAN,NL,155,536,85,136,35,8,17,63.0,9.0,6.0,55,178.0,0.0,9.0,0.0,4.0,5.0,tayloch03
Michael Taylor,2018,1,WAS,NL,134,353,46,80,22,3,6,28.0,24.0,6.0,29,116.0,2.0,1.0,2.0,0.0,9.0,taylomi02
Ryan Tepera,2018,1,TOR,AL,68,0,0,0,0,0,0,0.0,0.0,0.0,0,0.0,0.0,0.0,0.0,0.0,0.0,teperry01
Eric Thames,2018,1,MIL,NL,96,247,41,54,10,3,16,37.0,7.0,0.0,29,97.0,4.0,2.0,0.0,0.0,3.0,thameer01
Carlos Tocci,2018,1,TEX,AL,66,120,11,27,3,2,0,5.0,0.0,3.0,7,39.0,0.0,1.0,6.0,1.0,2.0,toccica01
Kelby Tomlinson,2018,1,SFN,NL,63,140,9,29,4,2,0,10.0,0.0,2.0,9,35.0,0.0,2.0,1.0,0.0,3.0,tomlike01
Gleyber Torres,2018,1,NYA,AL,123,431,54,117,16,1,24,77.0,6.0,2.0,42,122.0,3.0,5.0,1.0,5.0,8.0,torregl01
Devon Travis,2018,1,TOR,AL,103,357,41,83,14,3,11,44.0,3.0,2.0,16,64.0,1.0,5.0,0.0,0.0,8.0,travide01
Blake Treinen,2018,1,OAK,AL,68,0,0,0,0,0,0,0.0,0.0,0.0,0,0.0,0.0,0.0,0.0,0.0,0.0,treinbl01
Lou Trivino,2018,1,OAK,AL,69,0,0,0,0,0,0,0.0,0.0,0.0,0,0.0,0.0,0.0,0.0,0.0,0.0,trivilo01
Mike Trout,2018,1,LAA,AL,140,471,101,147,24,4,39,79.0,24.0,2.0,122,124.0,25.0,10.0,0.0,4.0,5.0,troutmi01
Mark Trumbo,2018,1,BAL,AL,90,330,41,86,12,0,17,44.0,0.0,0.0,24,87.0,0.0,2.0,0.0,2.0,10.0,trumbma01
Preston Tucker,2018,1,ATL,NL,62,117,14,30,10,0,4,22.0,0.0,0.0,7,33.0,0.0,2.0,0.0,1.0,2.0,tuckepr01
Justin Turner,2018,1,LAN,NL,103,365,62,114,31,1,14,52.0,2.0,1.0,47,54.0,3.0,12.0,0.0,2.0,10.0,turneju01
Trea Turner,2018,1,WAS,NL,162,664,103,180,27,6,19,73.0,43.0,9.0,69,132.0,3.0,5.0,2.0,0.0,7.0,turnetr01
Justin Upton,2018,1,LAA,AL,145,533,80,137,18,1,30,85.0,8.0,2.0,64,176.0,1.0,10.0,0.0,6.0,12.0,uptonju01
Chase Utley,2018,1,LAN,NL,87,164,18,35,10,1,1,14.0,3.0,1.0,17,34.0,2.0,5.0,0.0,1.0,3.0,utleych01
Pat Valaika,2018,1,COL,NL,68,122,8,19,5,0,2,5.0,0.0,0.0,9,30.0,0.0,0.0,2.0,0.0,4.0,valaipa01
Luis Valbuena,2018,1,LAA,AL,96,266,23,53,9,0,9,33.0,3.0,0.0,19,100.0,3.0,1.0,0.0,2.0,2.0,valbulu01
Danny Valencia,2018,1,BAL,AL,79,255,28,67,8,1,9,28.0,1.0,1.0,22,53.0,2.0,0.0,0.0,5.0,8.0,valenda01
Christian Vazquez,2018,1,BOS,AL,80,251,24,52,10,0,3,16.0,4.0,1.0,13,41.0,1.0,4.0,1.0,0.0,5.0,vazquch01
Christian Villanueva,2018,1,SDN,NL,110,351,42,83,15,0,20,46.0,3.0,0.0,23,104.0,0.0,9.0,0.0,1.0,12.0,villach01
Jonathan Villar,2018,1,MIL,NL,87,257,26,67,10,1,6,22.0,14.0,2.0,19,80.0,0.0,2.0,0.0,1.0,9.0,villajo01
Jonathan Villar,2018,2,BAL,AL,54,209,28,54,4,0,8,24.0,21.0,3.0,22,58.0,0.0,3.0,1.0,1.0,4.0,villajo01
Nick Vincent,2018,1,SEA,AL,62,0,0,0,0,0,0,0.0,0.0,0.0,0,0.0,0.0,0.0,0.0,0.0,0.0,vinceni01
Joey Votto,2018,1,CIN,NL,145,503,67,143,28,2,12,67.0,2.0,0.0,108,101.0,6.0,9.0,0.0,3.0,15.0,vottojo01
Neil Walker,2018,1,NYA,AL,113,347,48,76,12,1,11,46.0,0.0,0.0,42,87.0,3.0,5.0,0.0,4.0,3.0,walkene01
Tony Watson,2018,1,SFN,NL,72,0,0,0,0,0,0,0.0,0.0,0.0,0,0.0,0.0,0.0,0.0,0.0,0.0,watsoto01
Joey Wendle,2018,1,TBA,AL,139,487,62,146,33,6,7,61.0,16.0,4.0,37,96.0,4.0,9.0,2.0,10.0,11.0,wendljo01
Tyler White,2018,1,HOU,AL,66,210,27,58,12,3,12,42.0,0.0,1.0,24,49.0,0.0,2.0,0.0,1.0,1.0,whitety01
Matt Wieters,2018,1,WAS,NL,76,235,24,56,8,0,8,30.0,0.0,1.0,30,45.0,3.0,3.0,1.0,2.0,5.0,wietema01
Mason Williams,2018,1,CIN,NL,51,123,10,36,5,1,2,6.0,1.0,2.0,7,29.0,1.0,0.0,2.0,0.0,5.0,willima07
Nick Williams,2018,1,PHI,NL,140,407,53,104,12,3,17,50.0,3.0,2.0,32,111.0,2.0,9.0,0.0,0.0,4.0,willini01
Taylor Williams,2018,1,MIL,NL,56,4,0,1,0,0,0,0.0,0.0,0.0,0,3.0,0.0,0.0,0.0,0.0,0.0,willita01
Alex Wilson,2018,1,DET,AL,59,0,0,0,0,0,0,0.0,0.0,0.0,0,0.0,0.0,0.0,0.0,0.0,0.0,wilsoal01
Justin Wilson,2018,1,CHN,NL,71,1,0,0,0,0,0,0.0,0.0,0.0,0,1.0,0.0,0.0,0.0,0.0,0.0,wilsoju10
Jesse Winker,2018,1,CIN,NL,89,281,38,84,16,0,7,43.0,0.0,0.0,49,46.0,4.0,2.0,1.0,1.0,6.0,winkeje01
Dan Winkler,2018,1,ATL,NL,69,1,0,0,0,0,0,0.0,0.0,0.0,0,0.0,0.0,0.0,0.0,0.0,0.0,winklda01
Tony Wolters,2018,1,COL,NL,74,182,19,31,4,4,3,27.0,2.0,0.0,26,33.0,2.0,6.0,0.0,2.0,6.0,wolteto01
Kolten Wong,2018,1,SLN,NL,127,353,41,88,18,2,9,38.0,6.0,5.0,31,60.0,3.0,14.0,6.0,3.0,6.0,wongko01
Kirby Yates,2018,1,SDN,NL,65,2,0,0,0,0,0,0.0,0.0,0.0,0,0.0,0.0,0.0,0.0,0.0,0.0,yateski01
Christian Yelich,2018,1,MIL,NL,147,574,118,187,34,7,36,110.0,22.0,4.0,68,135.0,2.0,7.0,0.0,2.0,14.0,yelicch01
Chris Young,2018,1,LAA,AL,56,113,17,19,2,1,6,13.0,2.0,0.0,11,37.0,0.0,2.0,1.0,1.0,1.0,youngch04
Brad Ziegler,2018,1,MIA,NL,53,0,0,0,0,0,0,0.0,0.0,0.0,0,0.0,0.0,0.0,0.0,0.0,0.0,zieglbr01
Ryan Zimmerman,2018,1,WAS,NL,85,288,33,76,21,2,13,51.0,1.0,1.0,30,55.0,1.0,3.0,0.0,2.0,10.0,zimmery01
Ben Zobrist,2018,1,CHN,NL,139,455,67,139,28,3,9,58.0,3.0,4.0,55,60.0,1.0,2.0,1.0,7.0,8.0,zobribe01
Mike Zunino,2018,1,SEA,AL,113,373,37,75,18,0,20,44.0,0.0,0.0,24,150.0,0.0,6.0,0.0,2.0,7.0,zuninmi01
